{"stats":{"minecraft:picked_up":{"lucky:lucky_potion":10,"minecraft:allium":7,"minecraft:azure_bluet":11,"minecraft:prismarine_shard":20,"minecraft:blue_orchid":7,"minecraft:beacon":1,"minecraft:dandelion":9,"minecraft:diamond_horse_armor":1,"minecraft:pink_tulip":6,"minecraft:golden_horse_armor":1,"minecraft:poppy":13,"minecraft:prismarine":15,"minecraft:prismarine_crystals":12,"minecraft:sea_lantern":4,"minecraft:iron_horse_armor":1,"minecraft:oxeye_daisy":11},"minecraft:used":{"minecraft:blue_ice":42},"minecraft:mined":{"lucky:lucky_block":8},"minecraft:custom":{"minecraft:time_since_rest":42625,"minecraft:crouch_one_cm":207,"minecraft:play_time":42625,"minecraft:sprint_one_cm":16226,"minecraft:damage_taken":160,"minecraft:walk_one_cm":24127,"minecraft:sneak_time":400,"minecraft:jump":103,"minecraft:leave_game":1,"minecraft:time_since_death":42625,"minecraft:total_world_time":42625,"minecraft:talked_to_villager":1,"minecraft:fly_one_cm":1076356,"minecraft:fall_one_cm":656}},"DataVersion":3465}