{"stats":{"minecraft:picked_up":{"minecraft:azure_bluet":11,"minecraft:allium":7,"minecraft:prismarine_shard":20,"minecraft:dandelion":9,"minecraft:beacon":1,"minecraft:enchanted_book":9,"minecraft:potion":1,"minecraft:diamond_horse_armor":1,"minecraft:cake":1,"lucky:lucky_block":25,"minecraft:sea_lantern":4,"minecraft:prismarine_crystals":12,"minecraft:iron_horse_armor":1,"lucky:lucky_potion":10,"minecraft:blue_orchid":7,"minecraft:diamond":17,"minecraft:lever":2,"minecraft:iron_ingot":21,"minecraft:pink_tulip":6,"minecraft:golden_apple":2,"minecraft:golden_horse_armor":2,"minecraft:gold_ingot":18,"minecraft:emerald":21,"minecraft:poppy":13,"minecraft:enchanted_golden_apple":2,"minecraft:prismarine":15,"minecraft:oxeye_daisy":11},"minecraft:used":{"minecraft:birch_fence":4,"minecraft:lever":1,"lucky:lucky_block":50,"minecraft:blue_ice":42,"minecraft:enchanted_golden_apple":1},"minecraft:dropped":{"lucky:lucky_block":1},"minecraft:mined":{"lucky:lucky_block":13},"minecraft:custom":{"minecraft:time_since_rest":9457,"minecraft:sprint_one_cm":25616,"minecraft:damage_taken":400,"minecraft:walk_one_cm":40962,"minecraft:drop":1,"minecraft:damage_dealt":10,"minecraft:fly_one_cm":1103805,"minecraft:talked_to_villager":1,"minecraft:open_chest":1,"minecraft:crouch_one_cm":207,"minecraft:play_time":52102,"minecraft:deaths":1,"minecraft:sneak_time":404,"minecraft:jump":143,"minecraft:leave_game":2,"minecraft:time_since_death":9426,"minecraft:total_world_time":52102,"minecraft:fall_one_cm":656}},"DataVersion":3465}