{"stats":{"minecraft:picked_up":{"minecraft:dirt":12},"minecraft:used":{"minecraft:bedrock":160,"minecraft:dirt":94},"minecraft:mined":{"minecraft:grass_block":3,"minecraft:dirt":3},"minecraft:custom":{"minecraft:jump":28,"minecraft:time_since_rest":3662,"minecraft:crouch_one_cm":278,"minecraft:sprint_one_cm":1448,"minecraft:play_time":4479,"minecraft:deaths":1,"minecraft:time_since_death":3632,"minecraft:walk_one_cm":1263,"minecraft:sneak_time":130,"minecraft:total_world_time":4479,"minecraft:fall_one_cm":420,"minecraft:fly_one_cm":88554}},"DataVersion":3465}