{"stats":{"minecraft:picked_up":{"minecraft:bedrock":1,"minecraft:dirt":12},"minecraft:used":{"minecraft:bedrock":163,"minecraft:dirt":94,"minecraft:quartz_pillar":617,"minecraft:iron_block":4},"minecraft:dropped":{"minecraft:bedrock":1},"minecraft:mined":{"minecraft:grass_block":3,"minecraft:dirt":3},"minecraft:custom":{"minecraft:jump":368,"minecraft:time_since_rest":21662,"minecraft:crouch_one_cm":281,"minecraft:sprint_one_cm":7958,"minecraft:play_time":22479,"minecraft:deaths":1,"minecraft:time_since_death":21632,"minecraft:walk_one_cm":8949,"minecraft:sneak_time":446,"minecraft:total_world_time":22479,"minecraft:drop":1,"minecraft:fall_one_cm":420,"minecraft:fly_one_cm":187740}},"DataVersion":3465}