{"stats":{"minecraft:picked_up":{"minecraft:leather_chestplate":1,"minecraft:iron_door":2,"minecraft:repeater":32,"minecraft:tripwire_hook":8,"minecraft:iron_trapdoor":8,"minecraft:oak_door":4,"minecraft:daylight_detector":4,"minecraft:leather_leggings":1,"minecraft:redstone_lamp":16,"minecraft:leather":2,"minecraft:oak_pressure_plate":8,"minecraft:note_block":4,"minecraft:dropper":12,"minecraft:bedrock":2,"minecraft:stone_button":8,"minecraft:redstone":226,"minecraft:heavy_weighted_pressure_plate":4,"minecraft:leather_helmet":1,"minecraft:oak_trapdoor":8,"minecraft:dirt":12,"minecraft:stone_pressure_plate":8,"lucky:lucky_bow":2,"minecraft:leather_boots":1,"lucky:lucky_potion":30,"minecraft:wooden_sword":1,"minecraft:tnt":24,"minecraft:sticky_piston":8,"minecraft:dispenser":8,"lucky:lucky_sword":2,"minecraft:lever":8,"minecraft:comparator":8,"minecraft:deepslate_bricks":1,"minecraft:light_weighted_pressure_plate":2,"minecraft:oak_fence_gate":4,"minecraft:redstone_torch":32,"minecraft:bread":64,"minecraft:oak_button":8,"minecraft:piston":9,"minecraft:hopper":16},"minecraft:killed":{"minecraft:llama":1,"minecraft:creeper":1},"minecraft:used":{"minecraft:sticky_piston":8,"minecraft:piston":7,"minecraft:end_stone_bricks":127,"minecraft:quartz_pillar":733,"minecraft:iron_block":5,"minecraft:end_stone_brick_slab":83,"minecraft:bedrock":163,"minecraft:smooth_quartz_stairs":412,"minecraft:end_stone_brick_wall":17,"minecraft:wooden_sword":7,"minecraft:dirt":94,"minecraft:end_stone_brick_stairs":29},"minecraft:dropped":{"minecraft:deepslate_bricks":1,"minecraft:end_stone_brick_stairs":1,"minecraft:bedrock":1},"minecraft:mined":{"minecraft:grass_block":3,"minecraft:dirt":3,"lucky:lucky_block":5},"minecraft:custom":{"minecraft:time_since_rest":814,"minecraft:damage_taken":1435,"minecraft:sprint_one_cm":24521,"minecraft:walk_one_cm":37060,"minecraft:mob_kills":2,"minecraft:drop":3,"minecraft:damage_dealt":520,"minecraft:fly_one_cm":460357,"minecraft:open_chest":6,"minecraft:crouch_one_cm":320,"minecraft:play_time":52212,"minecraft:deaths":3,"minecraft:sneak_time":837,"minecraft:jump":606,"minecraft:leave_game":1,"minecraft:time_since_death":786,"minecraft:total_world_time":52212,"minecraft:fall_one_cm":15530}},"DataVersion":3465}