{"stats":{"minecraft:picked_up":{"minecraft:bedrock":1,"minecraft:dirt":12},"minecraft:used":{"minecraft:smooth_quartz_stairs":47,"minecraft:bedrock":163,"minecraft:dirt":94,"minecraft:quartz_pillar":731,"minecraft:iron_block":4},"minecraft:dropped":{"minecraft:bedrock":1},"minecraft:mined":{"minecraft:grass_block":3,"minecraft:dirt":3},"minecraft:custom":{"minecraft:jump":467,"minecraft:time_since_rest":27395,"minecraft:leave_game":1,"minecraft:crouch_one_cm":281,"minecraft:play_time":28212,"minecraft:sprint_one_cm":9364,"minecraft:time_since_death":27365,"minecraft:walk_one_cm":11998,"minecraft:deaths":1,"minecraft:sneak_time":552,"minecraft:total_world_time":28212,"minecraft:fall_one_cm":420,"minecraft:drop":1,"minecraft:fly_one_cm":317018}},"DataVersion":3465}