{"stats":{"minecraft:picked_up":{"minecraft:sponge":1,"minecraft:rabbit_stew":1,"minecraft:allium":7,"minecraft:leather_chestplate":1,"minecraft:azure_bluet":14,"minecraft:repeater":32,"minecraft:iron_trapdoor":8,"minecraft:iron_door":2,"minecraft:tripwire_hook":8,"minecraft:water_bucket":2,"minecraft:yellow_wool":1,"minecraft:redstone_lamp":16,"minecraft:leather_leggings":1,"minecraft:leather":2,"minecraft:potato":29,"minecraft:enchanted_book":10,"minecraft:diamond_horse_armor":1,"minecraft:bedrock":2,"minecraft:heavy_weighted_pressure_plate":4,"minecraft:oak_trapdoor":8,"minecraft:dirt":13,"lucky:lucky_bow":2,"lucky:lucky_potion":30,"minecraft:wooden_sword":1,"minecraft:leather_boots":1,"minecraft:sticky_piston":8,"minecraft:zombie_head":1,"minecraft:blue_orchid":8,"lucky:lucky_sword":2,"minecraft:comparator":8,"minecraft:bucket":2,"minecraft:light_weighted_pressure_plate":2,"minecraft:iron_ingot":19,"minecraft:oak_fence_gate":4,"minecraft:redstone_torch":32,"minecraft:ender_eye":5,"minecraft:poppy":7,"minecraft:piston":9,"minecraft:stick":1,"minecraft:milk_bucket":2,"minecraft:cooked_porkchop":8,"minecraft:oak_door":4,"minecraft:pumpkin":8,"minecraft:daylight_detector":4,"minecraft:dandelion":10,"minecraft:dropper":12,"minecraft:oak_pressure_plate":8,"minecraft:poisonous_potato":12,"minecraft:note_block":4,"minecraft:lava_bucket":2,"minecraft:porkchop":8,"minecraft:cake":1,"minecraft:stone_button":8,"minecraft:redstone":226,"minecraft:iron_horse_armor":2,"minecraft:stone_pressure_plate":8,"minecraft:leather_helmet":1,"minecraft:tnt":24,"minecraft:dispenser":8,"minecraft:diamond":22,"minecraft:slime_block":15,"minecraft:lever":8,"minecraft:deepslate_bricks":1,"minecraft:diamond_boots":1,"minecraft:hay_block":8,"minecraft:painting":4,"minecraft:golden_horse_armor":1,"minecraft:pink_tulip":8,"minecraft:saddle":1,"minecraft:gold_ingot":18,"minecraft:bread":64,"minecraft:emerald":24,"minecraft:oak_button":8,"minecraft:baked_potato":11,"minecraft:jack_o_lantern":13,"minecraft:skeleton_skull":1,"minecraft:obsidian":14,"minecraft:mutton":2,"minecraft:oxeye_daisy":10,"minecraft:hopper":16,"minecraft:ender_pearl":10},"minecraft:killed":{"minecraft:creeper":1,"minecraft:llama":1},"minecraft:used":{"minecraft:diamond_boots":1,"minecraft:jack_o_lantern":13,"minecraft:end_stone_bricks":127,"minecraft:ender_pearl":3,"minecraft:end_stone_brick_slab":83,"minecraft:smooth_quartz_stairs":412,"minecraft:oak_door":2,"minecraft:dirt":95,"minecraft:end_stone_brick_wall":17,"minecraft:sponge":1,"minecraft:cake":1,"minecraft:obsidian":2,"minecraft:sticky_piston":8,"minecraft:piston":8,"minecraft:bread":1,"minecraft:quartz_pillar":733,"minecraft:iron_block":5,"minecraft:yellow_wool":1,"minecraft:bedrock":164,"minecraft:wooden_sword":13,"minecraft:end_stone_brick_stairs":29,"minecraft:pumpkin":8},"minecraft:killed_by":{"minecraft:creeper":1,"minecraft:zombie":1},"minecraft:dropped":{"minecraft:bread":1,"minecraft:note_block":2,"minecraft:daylight_detector":2,"minecraft:porkchop":8,"minecraft:lever":4,"minecraft:oak_trapdoor":4,"minecraft:oak_pressure_plate":4,"minecraft:golden_horse_armor":1,"minecraft:poisonous_potato":12,"minecraft:comparator":4,"minecraft:leather":1,"lucky:lucky_potion":8,"minecraft:iron_horse_armor":2,"minecraft:bedrock":1,"minecraft:deepslate_bricks":1,"minecraft:oak_fence_gate":2,"minecraft:redstone_lamp":8,"minecraft:oak_button":4,"minecraft:end_stone_brick_stairs":1,"minecraft:iron_trapdoor":4,"minecraft:stone_button":4,"minecraft:heavy_weighted_pressure_plate":2,"minecraft:dispenser":4,"minecraft:dropper":6,"minecraft:repeater":16,"minecraft:hopper":8,"minecraft:leather_boots":1,"minecraft:stone_pressure_plate":4,"minecraft:gold_nugget":1,"minecraft:rabbit_stew":1,"minecraft:blue_orchid":8,"minecraft:tripwire_hook":4,"minecraft:dandelion":1,"minecraft:redstone":113,"minecraft:pink_tulip":8},"minecraft:mined":{"minecraft:grass_block":4,"minecraft:slime_block":19,"minecraft:dirt":3,"lucky:lucky_block":40},"minecraft:custom":{"minecraft:mob_kills":2,"minecraft:leave_game":4,"minecraft:time_since_death":2350,"minecraft:time_since_rest":2381,"minecraft:sprint_one_cm":47502,"minecraft:open_enderchest":3,"minecraft:damage_taken":5125,"minecraft:walk_one_cm":78727,"minecraft:drop":69,"minecraft:damage_dealt":632,"minecraft:fly_one_cm":484670,"minecraft:open_chest":8,"minecraft:crouch_one_cm":875,"minecraft:play_time":63796,"minecraft:deaths":11,"minecraft:sneak_time":1054,"minecraft:jump":839,"minecraft:total_world_time":63796,"minecraft:fall_one_cm":32113}},"DataVersion":3465}