{"stats":{"minecraft:picked_up":{"minecraft:bedrock":1,"minecraft:dirt":12},"minecraft:used":{"minecraft:smooth_quartz_stairs":412,"minecraft:bedrock":163,"minecraft:end_stone_bricks":28,"minecraft:dirt":94,"minecraft:quartz_pillar":733,"minecraft:iron_block":4,"minecraft:end_stone_brick_stairs":6},"minecraft:dropped":{"minecraft:bedrock":1},"minecraft:mined":{"minecraft:grass_block":3,"minecraft:dirt":3},"minecraft:custom":{"minecraft:time_since_rest":39395,"minecraft:crouch_one_cm":305,"minecraft:sprint_one_cm":9364,"minecraft:play_time":40212,"minecraft:deaths":1,"minecraft:walk_one_cm":13353,"minecraft:sneak_time":759,"minecraft:drop":1,"minecraft:jump":469,"minecraft:leave_game":1,"minecraft:time_since_death":39365,"minecraft:total_world_time":40212,"minecraft:fall_one_cm":420,"minecraft:fly_one_cm":388244}},"DataVersion":3465}