{"stats":{"minecraft:picked_up":{"minecraft:golden_helmet":1,"minecraft:stick":1,"minecraft:leather_chestplate":1,"minecraft:music_disc_13":1,"minecraft:leather_leggings":1,"minecraft:golden_leggings":1,"minecraft:oak_pressure_plate":8,"minecraft:birch_button":2,"minecraft:golden_boots":1,"lucky:lucky_block":1,"minecraft:redstone":1,"minecraft:golden_chestplate":1,"minecraft:string":12,"minecraft:leather_helmet":1,"lucky:lucky_potion":8,"minecraft:tnt":8,"minecraft:stone_sword":1,"minecraft:leather_boots":1,"minecraft:stone_shovel":1,"minecraft:bone":2,"minecraft:slime_ball":4,"minecraft:stone_bricks":28,"minecraft:stone_axe":1,"minecraft:bow":1,"minecraft:stone_pickaxe":1,"minecraft:golden_horse_armor":1,"minecraft:stone_hoe":1,"minecraft:coal":4},"minecraft:killed":{"minecraft:slime":8},"minecraft:used":{"minecraft:birch_fence":37,"minecraft:oak_log":78,"minecraft:oak_trapdoor":7,"minecraft:moss_block":4,"minecraft:command_block":34,"lucky:lucky_block":104,"minecraft:grass_block":49,"minecraft:slime_block":41,"minecraft:ladder":53,"minecraft:oak_sign":5,"minecraft:ender_chest":4,"minecraft:oak_pressure_plate":22,"minecraft:stone_bricks":240,"minecraft:bedrock":239,"minecraft:birch_button":9,"minecraft:oak_hanging_sign":5,"minecraft:obsidian":76},"minecraft:killed_by":{"minecraft:rabbit":1,"minecraft:slime":1},"minecraft:dropped":{"lucky:lucky_block":25,"lucky:lucky_potion":8,"minecraft:bow":1,"minecraft:stick":1},"minecraft:mined":{"lucky:lucky_block":12},"minecraft:custom":{"minecraft:time_since_rest":25432,"minecraft:sprint_one_cm":109700,"minecraft:damage_taken":1270,"minecraft:walk_one_cm":105653,"minecraft:mob_kills":11,"minecraft:drop":29,"minecraft:damage_dealt":393,"minecraft:fly_one_cm":1902642,"minecraft:open_chest":1,"minecraft:crouch_one_cm":5560,"minecraft:play_time":100471,"minecraft:deaths":6,"minecraft:sneak_time":2500,"minecraft:jump":531,"minecraft:leave_game":1,"minecraft:time_since_death":25403,"minecraft:climb_one_cm":1811,"minecraft:total_world_time":100471,"minecraft:fall_one_cm":335}},"DataVersion":3465}