{"stats":{"minecraft:picked_up":{"minecraft:wooden_axe":3,"minecraft:barrier":1,"minecraft:leather_chestplate":1,"minecraft:ender_chest":2,"minecraft:ladder":64,"minecraft:fox_spawn_egg":1,"minecraft:leather_leggings":1,"minecraft:skeleton_horse_spawn_egg":1,"minecraft:golden_leggings":1,"minecraft:birch_button":3,"minecraft:bedrock":2,"minecraft:golden_boots":1,"lucky:lucky_block":129,"minecraft:string":12,"minecraft:oak_trapdoor":1,"lucky:lucky_potion":8,"minecraft:cat_spawn_egg":1,"minecraft:oak_hanging_sign":2,"minecraft:leather_boots":1,"minecraft:bone":2,"minecraft:salmon_spawn_egg":1,"minecraft:oak_sign":3,"minecraft:stone_bricks":30,"minecraft:bow":1,"minecraft:stone_pickaxe":1,"minecraft:enchanted_golden_apple":1,"minecraft:chest":2,"minecraft:stone_hoe":3,"minecraft:smooth_quartz_stairs":1,"minecraft:golden_helmet":1,"minecraft:hoglin_spawn_egg":1,"minecraft:stick":1,"minecraft:strider_spawn_egg":1,"minecraft:music_disc_13":1,"minecraft:oak_pressure_plate":10,"minecraft:redstone":1,"minecraft:golden_chestplate":1,"minecraft:leather_helmet":1,"minecraft:tnt":8,"minecraft:husk_spawn_egg":1,"minecraft:stone_sword":3,"minecraft:stone_shovel":1,"minecraft:command_block":2,"minecraft:slime_ball":4,"minecraft:stone_axe":3,"minecraft:slime_block":1,"minecraft:golden_apple":2,"minecraft:golden_horse_armor":1,"minecraft:bread":4672,"minecraft:oak_button":1,"minecraft:obsidian":2,"minecraft:coal":4,"minecraft:nether_star":1},"minecraft:killed":{"minecraft:slime":8},"minecraft:used":{"minecraft:moss_block":4,"minecraft:oak_trapdoor":92,"minecraft:ladder":101,"minecraft:oak_sign":22,"minecraft:chest":11,"minecraft:ender_chest":44,"minecraft:smooth_quartz_stairs":138,"minecraft:obsidian":111,"minecraft:birch_fence":39,"minecraft:oak_log":78,"minecraft:command_block":72,"lucky:lucky_block":193,"minecraft:grass_block":49,"minecraft:barrier":461,"minecraft:slime_block":86,"minecraft:oak_button":5,"minecraft:oak_pressure_plate":52,"minecraft:stone_bricks":349,"minecraft:bedrock":677,"minecraft:birch_button":20,"minecraft:oak_hanging_sign":8},"minecraft:killed_by":{"minecraft:rabbit":1,"minecraft:slime":1},"minecraft:crafted":{"minecraft:leather_leggings":2,"minecraft:leather_boots":2,"minecraft:leather_helmet":2,"minecraft:leather_chestplate":2},"minecraft:dropped":{"minecraft:bread":576,"lucky:lucky_block":25,"minecraft:lime_dye":60,"lucky:lucky_potion":8,"minecraft:stick":1,"minecraft:wooden_axe":1,"minecraft:red_dye":60,"minecraft:bow":1,"minecraft:stone_pickaxe":1},"minecraft:mined":{"lucky:lucky_block":17},"minecraft:custom":{"minecraft:mob_kills":11,"minecraft:leave_game":2,"minecraft:time_since_death":10847,"minecraft:climb_one_cm":1944,"minecraft:time_since_rest":10882,"minecraft:sprint_one_cm":189546,"minecraft:damage_taken":1331,"minecraft:walk_one_cm":208509,"minecraft:drop":42,"minecraft:damage_dealt":393,"minecraft:fly_one_cm":3729907,"minecraft:open_chest":11,"minecraft:crouch_one_cm":12018,"minecraft:play_time":184099,"minecraft:deaths":8,"minecraft:sneak_time":5996,"minecraft:jump":790,"minecraft:total_world_time":184099,"minecraft:fall_one_cm":1219}},"DataVersion":3465}