{"stats":{"minecraft:picked_up":{"minecraft:golden_helmet":1,"minecraft:stick":1,"minecraft:leather_chestplate":1,"minecraft:leather_leggings":1,"minecraft:golden_leggings":1,"minecraft:oak_pressure_plate":8,"minecraft:golden_boots":1,"lucky:lucky_block":1,"minecraft:golden_chestplate":1,"minecraft:leather_helmet":1,"lucky:lucky_potion":8,"minecraft:tnt":8,"minecraft:leather_boots":1,"minecraft:slime_ball":4,"minecraft:stone_bricks":28,"minecraft:bow":1,"minecraft:golden_horse_armor":1},"minecraft:killed":{"minecraft:slime":8},"minecraft:used":{"minecraft:oak_log":78,"minecraft:moss_block":4,"minecraft:command_block":11,"lucky:lucky_block":25,"minecraft:grass_block":49,"minecraft:oak_pressure_plate":10,"minecraft:stone_bricks":221,"minecraft:bedrock":107,"minecraft:obsidian":2},"minecraft:killed_by":{"minecraft:rabbit":1,"minecraft:slime":1},"minecraft:dropped":{"lucky:lucky_block":25,"lucky:lucky_potion":8,"minecraft:bow":1,"minecraft:stick":1},"minecraft:mined":{"lucky:lucky_block":11},"minecraft:custom":{"minecraft:time_since_rest":1432,"minecraft:sprint_one_cm":60277,"minecraft:damage_taken":1260,"minecraft:walk_one_cm":42381,"minecraft:mob_kills":11,"minecraft:drop":29,"minecraft:damage_dealt":383,"minecraft:fly_one_cm":1542460,"minecraft:crouch_one_cm":2241,"minecraft:play_time":76471,"minecraft:deaths":6,"minecraft:sneak_time":1417,"minecraft:jump":382,"minecraft:leave_game":1,"minecraft:time_since_death":1403,"minecraft:total_world_time":76471}},"DataVersion":3465}