{"stats":{"minecraft:picked_up":{"minecraft:golden_helmet":1,"minecraft:tnt":8,"minecraft:leather_chestplate":1,"minecraft:leather_boots":1,"minecraft:slime_ball":4,"minecraft:leather_leggings":1,"minecraft:golden_leggings":1,"minecraft:oak_pressure_plate":8,"minecraft:golden_horse_armor":1,"minecraft:golden_boots":1,"minecraft:golden_chestplate":1,"minecraft:leather_helmet":1},"minecraft:killed":{"minecraft:slime":8},"minecraft:used":{"minecraft:stone_bricks":110,"minecraft:oak_log":76,"minecraft:bedrock":8,"minecraft:command_block":11,"lucky:lucky_block":5,"minecraft:grass_block":49,"minecraft:oak_pressure_plate":10,"minecraft:moss_block":4},"minecraft:killed_by":{"minecraft:slime":1},"minecraft:mined":{"lucky:lucky_block":4},"minecraft:custom":{"minecraft:time_since_rest":5340,"minecraft:sprint_one_cm":40960,"minecraft:crouch_one_cm":1556,"minecraft:play_time":52471,"minecraft:damage_taken":1010,"minecraft:deaths":5,"minecraft:walk_one_cm":30297,"minecraft:sneak_time":955,"minecraft:mob_kills":8,"minecraft:jump":284,"minecraft:damage_dealt":340,"minecraft:leave_game":1,"minecraft:time_since_death":5315,"minecraft:total_world_time":52471,"minecraft:fly_one_cm":997509}},"DataVersion":3465}