{"stats":{"minecraft:picked_up":{"minecraft:golden_helmet":1,"minecraft:stick":1,"minecraft:leather_chestplate":1,"minecraft:music_disc_13":1,"minecraft:leather_leggings":1,"minecraft:golden_leggings":1,"minecraft:oak_pressure_plate":8,"minecraft:birch_button":3,"minecraft:golden_boots":1,"lucky:lucky_block":1,"minecraft:redstone":1,"minecraft:golden_chestplate":1,"minecraft:string":12,"minecraft:leather_helmet":1,"lucky:lucky_potion":8,"minecraft:tnt":8,"minecraft:stone_sword":1,"minecraft:leather_boots":1,"minecraft:stone_shovel":1,"minecraft:bone":2,"minecraft:slime_ball":4,"minecraft:stone_bricks":28,"minecraft:stone_axe":1,"minecraft:bow":1,"minecraft:stone_pickaxe":1,"minecraft:golden_horse_armor":1,"minecraft:bread":1728,"minecraft:stone_hoe":1,"minecraft:coal":4},"minecraft:killed":{"minecraft:slime":8},"minecraft:used":{"minecraft:birch_fence":37,"minecraft:oak_log":78,"minecraft:oak_trapdoor":7,"minecraft:moss_block":4,"minecraft:command_block":65,"lucky:lucky_block":132,"minecraft:grass_block":49,"minecraft:barrier":149,"minecraft:slime_block":41,"minecraft:ladder":53,"minecraft:oak_sign":18,"minecraft:chest":9,"minecraft:ender_chest":44,"minecraft:oak_pressure_plate":47,"minecraft:stone_bricks":262,"minecraft:bedrock":239,"minecraft:birch_button":19,"minecraft:oak_hanging_sign":8,"minecraft:obsidian":111},"minecraft:killed_by":{"minecraft:rabbit":1,"minecraft:slime":1},"minecraft:dropped":{"lucky:lucky_block":25,"lucky:lucky_potion":8,"minecraft:bow":1,"minecraft:stone_pickaxe":1,"minecraft:stick":1,"minecraft:bread":576},"minecraft:mined":{"lucky:lucky_block":12},"minecraft:custom":{"minecraft:time_since_rest":49432,"minecraft:sprint_one_cm":140619,"minecraft:damage_taken":1270,"minecraft:walk_one_cm":143400,"minecraft:mob_kills":11,"minecraft:drop":39,"minecraft:damage_dealt":393,"minecraft:fly_one_cm":2451027,"minecraft:open_chest":3,"minecraft:crouch_one_cm":7829,"minecraft:play_time":124471,"minecraft:deaths":6,"minecraft:sneak_time":3295,"minecraft:jump":623,"minecraft:leave_game":1,"minecraft:time_since_death":49403,"minecraft:climb_one_cm":1811,"minecraft:total_world_time":124471,"minecraft:fall_one_cm":335}},"DataVersion":3465}