{"stats":{"minecraft:picked_up":{"minecraft:golden_helmet":1,"minecraft:stick":1,"minecraft:leather_chestplate":1,"minecraft:music_disc_13":1,"minecraft:leather_leggings":1,"minecraft:golden_leggings":1,"minecraft:oak_pressure_plate":8,"minecraft:golden_boots":1,"lucky:lucky_block":1,"minecraft:redstone":1,"minecraft:golden_chestplate":1,"minecraft:string":12,"minecraft:leather_helmet":1,"lucky:lucky_potion":8,"minecraft:tnt":8,"minecraft:leather_boots":1,"minecraft:bone":2,"minecraft:slime_ball":4,"minecraft:stone_bricks":28,"minecraft:bow":1,"minecraft:golden_horse_armor":1,"minecraft:coal":4},"minecraft:killed":{"minecraft:slime":8},"minecraft:used":{"minecraft:birch_fence":37,"minecraft:oak_log":78,"minecraft:oak_trapdoor":7,"minecraft:moss_block":4,"minecraft:command_block":11,"lucky:lucky_block":73,"minecraft:grass_block":49,"minecraft:slime_block":41,"minecraft:ladder":53,"minecraft:oak_pressure_plate":10,"minecraft:stone_bricks":235,"minecraft:bedrock":239,"minecraft:obsidian":2},"minecraft:killed_by":{"minecraft:rabbit":1,"minecraft:slime":1},"minecraft:dropped":{"lucky:lucky_block":25,"lucky:lucky_potion":8,"minecraft:bow":1,"minecraft:stick":1},"minecraft:mined":{"lucky:lucky_block":12},"minecraft:custom":{"minecraft:time_since_rest":13432,"minecraft:sprint_one_cm":82241,"minecraft:damage_taken":1260,"minecraft:walk_one_cm":87971,"minecraft:mob_kills":11,"minecraft:drop":29,"minecraft:damage_dealt":393,"minecraft:fly_one_cm":1636798,"minecraft:open_chest":1,"minecraft:crouch_one_cm":4555,"minecraft:play_time":88471,"minecraft:deaths":6,"minecraft:sneak_time":2179,"minecraft:jump":480,"minecraft:leave_game":1,"minecraft:time_since_death":13403,"minecraft:climb_one_cm":1811,"minecraft:total_world_time":88471}},"DataVersion":3465}