{"stats":{"minecraft:picked_up":{"minecraft:golden_helmet":1,"minecraft:tnt":8,"minecraft:leather_chestplate":1,"minecraft:leather_boots":1,"minecraft:slime_ball":4,"minecraft:leather_leggings":1,"minecraft:golden_leggings":1,"minecraft:oak_pressure_plate":8,"minecraft:golden_horse_armor":1,"minecraft:golden_boots":1,"minecraft:golden_chestplate":1,"minecraft:leather_helmet":1},"minecraft:killed":{"minecraft:slime":8},"minecraft:used":{"minecraft:stone_bricks":110,"minecraft:oak_log":66,"minecraft:bedrock":8,"minecraft:command_block":10,"lucky:lucky_block":5,"minecraft:grass_block":49,"minecraft:oak_pressure_plate":9,"minecraft:moss_block":4},"minecraft:killed_by":{"minecraft:slime":1},"minecraft:mined":{"lucky:lucky_block":4},"minecraft:custom":{"minecraft:time_since_rest":24521,"minecraft:sprint_one_cm":32353,"minecraft:crouch_one_cm":1145,"minecraft:play_time":28471,"minecraft:damage_taken":530,"minecraft:deaths":2,"minecraft:walk_one_cm":25479,"minecraft:sneak_time":606,"minecraft:mob_kills":8,"minecraft:jump":205,"minecraft:damage_dealt":340,"minecraft:leave_game":1,"minecraft:time_since_death":24495,"minecraft:total_world_time":28471,"minecraft:fly_one_cm":337986}},"DataVersion":3465}