{"stats":{"minecraft:mined":{"lucky:lucky_block":4},"minecraft:killed":{"minecraft:slime":8},"minecraft:picked_up":{"minecraft:golden_helmet":1,"minecraft:tnt":8,"minecraft:leather_chestplate":1,"minecraft:leather_boots":1,"minecraft:slime_ball":4,"minecraft:leather_leggings":1,"minecraft:golden_leggings":1,"minecraft:golden_horse_armor":1,"minecraft:golden_boots":1,"minecraft:golden_chestplate":1,"minecraft:leather_helmet":1},"minecraft:used":{"lucky:lucky_block":5,"minecraft:grass_block":1},"minecraft:custom":{"minecraft:time_since_rest":1896,"minecraft:play_time":5846,"minecraft:sprint_one_cm":8089,"minecraft:walk_one_cm":6520,"minecraft:damage_taken":530,"minecraft:deaths":2,"minecraft:mob_kills":8,"minecraft:jump":66,"minecraft:damage_dealt":340,"minecraft:time_since_death":1870,"minecraft:total_world_time":5846,"minecraft:fly_one_cm":12855},"minecraft:killed_by":{"minecraft:slime":1}},"DataVersion":3465}