{"stats":{"minecraft:picked_up":{"minecraft:golden_helmet":1,"minecraft:stick":1,"minecraft:leather_chestplate":1,"minecraft:ender_chest":1,"minecraft:music_disc_13":1,"minecraft:leather_leggings":1,"minecraft:golden_leggings":1,"minecraft:oak_pressure_plate":9,"minecraft:bedrock":1,"minecraft:birch_button":3,"minecraft:golden_boots":1,"lucky:lucky_block":65,"minecraft:redstone":1,"minecraft:golden_chestplate":1,"minecraft:string":12,"minecraft:leather_helmet":1,"minecraft:oak_sign":1,"lucky:lucky_potion":8,"minecraft:oak_hanging_sign":1,"minecraft:tnt":8,"minecraft:stone_sword":2,"minecraft:leather_boots":1,"minecraft:stone_shovel":1,"minecraft:bone":2,"minecraft:slime_ball":4,"minecraft:stone_bricks":29,"minecraft:stone_axe":2,"minecraft:bow":1,"minecraft:stone_pickaxe":1,"minecraft:golden_horse_armor":1,"minecraft:bread":1728,"minecraft:chest":1,"minecraft:obsidian":1,"minecraft:stone_hoe":2,"minecraft:coal":4,"minecraft:wooden_axe":2},"minecraft:killed":{"minecraft:slime":8},"minecraft:used":{"minecraft:birch_fence":39,"minecraft:oak_log":78,"minecraft:oak_trapdoor":7,"minecraft:moss_block":4,"minecraft:command_block":68,"lucky:lucky_block":182,"minecraft:grass_block":49,"minecraft:barrier":269,"minecraft:slime_block":41,"minecraft:ladder":53,"minecraft:oak_sign":18,"minecraft:chest":9,"minecraft:ender_chest":44,"minecraft:oak_pressure_plate":48,"minecraft:stone_bricks":328,"minecraft:bedrock":355,"minecraft:birch_button":20,"minecraft:oak_hanging_sign":8,"minecraft:obsidian":111},"minecraft:killed_by":{"minecraft:rabbit":1,"minecraft:slime":1},"minecraft:dropped":{"lucky:lucky_block":25,"minecraft:wooden_axe":1,"lucky:lucky_potion":8,"minecraft:bow":1,"minecraft:stone_pickaxe":1,"minecraft:stick":1,"minecraft:bread":576},"minecraft:mined":{"lucky:lucky_block":12},"minecraft:custom":{"minecraft:time_since_rest":3792,"minecraft:sprint_one_cm":150020,"minecraft:damage_taken":1290,"minecraft:walk_one_cm":172960,"minecraft:mob_kills":11,"minecraft:drop":40,"minecraft:damage_dealt":393,"minecraft:fly_one_cm":2577185,"minecraft:open_chest":3,"minecraft:crouch_one_cm":11154,"minecraft:play_time":136471,"minecraft:deaths":7,"minecraft:sneak_time":4268,"minecraft:jump":667,"minecraft:leave_game":1,"minecraft:time_since_death":3761,"minecraft:climb_one_cm":1811,"minecraft:total_world_time":136471,"minecraft:fall_one_cm":1010}},"DataVersion":3465}