{"stats":{"minecraft:picked_up":{"minecraft:golden_helmet":1,"minecraft:tnt":8,"minecraft:leather_chestplate":1,"minecraft:leather_boots":1,"minecraft:slime_ball":4,"minecraft:leather_leggings":1,"minecraft:golden_leggings":1,"minecraft:oak_pressure_plate":8,"minecraft:golden_horse_armor":1,"minecraft:golden_boots":1,"minecraft:golden_chestplate":1,"minecraft:leather_helmet":1},"minecraft:killed":{"minecraft:slime":8},"minecraft:used":{"minecraft:stone_bricks":117,"minecraft:oak_log":78,"minecraft:bedrock":12,"minecraft:command_block":11,"lucky:lucky_block":19,"minecraft:grass_block":49,"minecraft:oak_pressure_plate":10,"minecraft:moss_block":4},"minecraft:killed_by":{"minecraft:slime":1},"minecraft:mined":{"lucky:lucky_block":4},"minecraft:custom":{"minecraft:time_since_rest":17340,"minecraft:sprint_one_cm":52207,"minecraft:crouch_one_cm":1556,"minecraft:play_time":64471,"minecraft:damage_taken":1010,"minecraft:deaths":5,"minecraft:walk_one_cm":37330,"minecraft:sneak_time":1026,"minecraft:mob_kills":8,"minecraft:jump":340,"minecraft:damage_dealt":340,"minecraft:leave_game":1,"minecraft:time_since_death":17315,"minecraft:total_world_time":64471,"minecraft:fly_one_cm":1401176}},"DataVersion":3465}