{"stats":{"minecraft:picked_up":{"minecraft:wooden_axe":3,"minecraft:barrier":1,"minecraft:leather_chestplate":1,"minecraft:ladder":64,"minecraft:magma_cream":5,"minecraft:ender_chest":2,"minecraft:nether_wart":1,"minecraft:water_bucket":2,"minecraft:rabbit_stew":1,"minecraft:fox_spawn_egg":1,"minecraft:leather_leggings":1,"minecraft:skeleton_horse_spawn_egg":1,"minecraft:leather":2,"minecraft:golden_leggings":2,"minecraft:diamond_sword":1,"minecraft:beacon":1,"minecraft:enchanted_book":8,"minecraft:birch_button":3,"minecraft:diamond_horse_armor":1,"minecraft:bedrock":2,"minecraft:golden_boots":2,"lucky:lucky_block":130,"minecraft:map":1,"minecraft:string":14,"minecraft:oak_trapdoor":1,"minecraft:paper":7,"lucky:lucky_bow":2,"lucky:lucky_potion":8,"minecraft:cat_spawn_egg":1,"minecraft:oak_hanging_sign":2,"minecraft:leather_boots":1,"minecraft:quartz_slab":4,"minecraft:bone":2,"minecraft:salmon_spawn_egg":1,"minecraft:oak_sign":3,"minecraft:stone_bricks":34,"minecraft:bow":2,"minecraft:gold_nugget":5,"lucky:lucky_sword":1,"minecraft:bucket":1,"minecraft:iron_ingot":1,"minecraft:stone_pickaxe":1,"minecraft:ender_eye":3,"minecraft:enchanted_golden_apple":1,"minecraft:quartz_stairs":7,"minecraft:chest":2,"minecraft:stone_hoe":3,"minecraft:smooth_quartz_stairs":1,"minecraft:diamond_hoe":1,"minecraft:stick":1,"minecraft:ghast_tear":2,"minecraft:golden_helmet":2,"minecraft:hoglin_spawn_egg":1,"minecraft:nether_quartz_ore":31,"minecraft:milk_bucket":2,"minecraft:music_disc_13":1,"minecraft:strider_spawn_egg":1,"minecraft:quartz":29,"minecraft:oak_pressure_plate":10,"minecraft:dropper":8,"minecraft:lava_bucket":1,"minecraft:cake":1,"minecraft:ink_sac":2,"minecraft:arrow":31,"minecraft:fermented_spider_eye":5,"minecraft:redstone":1,"minecraft:golden_chestplate":2,"minecraft:spider_eye":3,"minecraft:iron_horse_armor":1,"minecraft:rabbit_foot":4,"minecraft:leather_helmet":1,"minecraft:tnt":8,"minecraft:quartz_block":15,"minecraft:stone_sword":3,"minecraft:diamond_shovel":1,"minecraft:husk_spawn_egg":1,"minecraft:command_block":2,"minecraft:stone_shovel":1,"minecraft:slime_ball":4,"minecraft:stone_axe":3,"minecraft:slime_block":1,"minecraft:emerald":1,"minecraft:golden_apple":2,"minecraft:gold_ingot":26,"minecraft:golden_horse_armor":3,"minecraft:glistering_melon_slice":3,"minecraft:bread":4672,"minecraft:oak_button":1,"minecraft:blaze_rod":2,"minecraft:mutton":4,"minecraft:obsidian":2,"minecraft:blaze_powder":8,"minecraft:coal":4,"minecraft:nether_star":1,"minecraft:ender_pearl":4,"minecraft:diamond_pickaxe":1},"minecraft:killed":{"minecraft:wolf":1,"minecraft:slime":8,"minecraft:squid":1,"minecraft:horse":1,"minecraft:sheep":1,"minecraft:zombie":1,"minecraft:skeleton_horse":1},"minecraft:used":{"minecraft:oak_trapdoor":92,"minecraft:moss_block":4,"minecraft:ladder":101,"minecraft:diamond_hoe":6,"minecraft:oak_sign":22,"minecraft:chest":11,"minecraft:ender_chest":44,"lucky:lucky_sword":4,"minecraft:smooth_quartz_stairs":138,"minecraft:birch_pressure_plate":1,"minecraft:cake":1,"minecraft:obsidian":111,"minecraft:birch_fence":39,"minecraft:oak_log":78,"minecraft:diamond_pickaxe":2,"minecraft:command_block":72,"minecraft:slime_block":86,"lucky:lucky_block":199,"minecraft:bread":6,"minecraft:grass_block":49,"minecraft:barrier":461,"minecraft:oak_button":5,"minecraft:wooden_sword":7,"minecraft:oak_pressure_plate":52,"minecraft:birch_button":21,"minecraft:stone_bricks":349,"minecraft:diamond_sword":6,"minecraft:bedrock":677,"minecraft:oak_hanging_sign":8},"minecraft:killed_by":{"minecraft:rabbit":1,"minecraft:slime":1},"minecraft:crafted":{"minecraft:leather_leggings":2,"minecraft:leather_boots":2,"minecraft:leather_helmet":2,"minecraft:leather_chestplate":2},"minecraft:dropped":{"minecraft:enchanted_book":6,"minecraft:golden_boots":1,"minecraft:bread":576,"minecraft:golden_helmet":1,"minecraft:golden_chestplate":1,"lucky:lucky_block":25,"minecraft:golden_horse_armor":1,"minecraft:diamond_hoe":1,"minecraft:lime_dye":60,"lucky:lucky_potion":8,"minecraft:blaze_powder":4,"minecraft:stick":1,"minecraft:dropper":8,"minecraft:mutton":2,"minecraft:wooden_axe":1,"minecraft:golden_leggings":1,"minecraft:stone_bricks":2,"minecraft:gold_nugget":6,"minecraft:red_dye":60,"minecraft:bow":1,"minecraft:stone_pickaxe":1,"minecraft:quartz_slab":4},"minecraft:mined":{"minecraft:sandstone":1,"minecraft:fire":4,"lucky:lucky_block":57},"minecraft:custom":{"minecraft:mob_kills":21,"minecraft:leave_game":3,"minecraft:time_since_death":207,"minecraft:climb_one_cm":1944,"minecraft:time_since_rest":235,"minecraft:sprint_one_cm":230023,"minecraft:open_enderchest":4,"minecraft:damage_taken":2868,"minecraft:walk_one_cm":241864,"minecraft:drop":61,"minecraft:damage_dealt":1343,"minecraft:talked_to_villager":2,"minecraft:fly_one_cm":3800105,"minecraft:open_chest":12,"minecraft:play_time":195881,"minecraft:crouch_one_cm":13773,"minecraft:deaths":11,"minecraft:sneak_time":6534,"minecraft:jump":947,"minecraft:total_world_time":195881,"minecraft:fall_one_cm":4583}},"DataVersion":3465}